"","dyadic_usa_sim","triadic_usa_sim","group_usa_sim","nondyadic_usa_sim"
"dyadic_usa_sim",1,0.671033482216374,0.755302755841706,0.73263898966058
"triadic_usa_sim",0.671033482216374,1,0.687460807738049,0.940667929080063
"group_usa_sim",0.755302755841706,0.687460807738049,1,0.858838888376199
"nondyadic_usa_sim",0.73263898966058,0.940667929080063,0.858838888376199,1
