{
  "data": [
    {
      "x": [-1.6903322702421, -1.31375681133305, -2.0314781749658, -1.47604221481607, -1.37007893295118, -1.27017524885072, -2.21850307497058, 0.716267084652809, -0.78028027363136, -0.948141622891096, -1.28790112428557, -2.29836974749712, -1.0810861479225, -2.21046839617001, 0.560095653123052, -1.4623939649068, -1.59915581321784, -1.58844294202706, -1.94009564564713, -1.7353801811604, -1.54624234409456, -0.117697362369095, -0.197685224468104, -0.33316539678372, 0.732930773852611, -2.03238819023117, -0.320588714893313, -0.590123340508817, 0.573858555936596, -1.31677986823167, -1.54058986370225, -2.32286096662572, 0.296964494781915, 0.0617047287105777, -0.116137925425276, -0.179313155843346, -2.263701546523, -0.145628150555489, -2.36979069354121, -0.748597641937155, -0.48669435776472, -0.847425211532737, -2.33012584148692, -1.87890921103883, -0.745500741014165, -0.648551920531847, -1.98865944045443, -2.35029541758157, -1.68325605142382, -0.586240769730318],
      "y": [2.07830822699522, -2.09222445643181, 2.84966518293203, 2.17762524701004, 2.4156210695029, 2.41666844580947, 2.35205793570674, 1.90744116117614, -1.43569412389655, -1.30512013017409, -2.12103032118143, 2.2814657443001, -1.44397476880099, 2.81625667207442, 2.59411813327752, 3.08082197381729, 3.02476984121932, 2.94745001929941, 3.03506831989314, 3.11566357417594, 2.97626838422242, 1.0597665418266, 1.86703157561472, -1.19240266577995, 2.12585285899685, 2.99945838817555, 0.461407930249659, 1.57151177001939, 2.01080269821057, 1.9626405825857, 2.0522251552253, 2.32184384892918, 2.99297679765556, -1.78094286642261, -1.65065138290146, 0.563652308221979, 2.77556814801464, 0.969048452772293, 2.8810059366912, -1.14177431095341, 0.290252267144909, -1.4481381061898, 2.30781053235351, 1.90706613490014, -0.659983982296553, -1.42133504724631, 2.06969708997319, 2.2641173096511, 2.10038539664023, 0.528294934892891],
      "text": ["Divorced spouses", "A person and their in laws", "Guard-Prisoner", "Opposing negotiators", "Political opponents", "Business rivals", "Enemies", "Master-Servant", "Casual acquaintances", "Second cousins", "Step-grandparent-Step-grandchild", "Man Wife-Man Mistress", "Distant relatives", "Victim-Criminal", "Drug dealer-Addict", "Victim-Witness", "Criminal-Police officer", "Criminal-Prosecutor", "Criminal-Hostage", "Defendant-Plaintiff", "Police officer-Offender", "Police officer-Civilian", "Politician-Supporter", "Religious followers", "Prostitute-Customer", "Slave-Master", "Reader-Writer", "Reviewer-Writer", "Sugar daddy-Sugar baby", "Judge-Contestant", "Sports rivals", "Romantic rivals", "Criminal and their accomplice", "Peers", "Sorority sisters", "Celebrity-Fans", "Celebrity-Haters", "Native-Tourist", "Bully-Victim", "Facebook friends", "A person and their social media follower", "Pen-friends", "Ex-lovers", "Strangers", "Neighbors", "Church members", "Fans of opposing sports teams", "Frenemies", "Competitors in sports", "Brothers in-arms"],
      "type": "scatter",
      "mode": "markers",
      "marker": {
        "autocolorscale": false,
        "color": "rgba(190,190,190,1)",
        "opacity": 0.8,
        "size": 7.55905511811024,
        "symbol": "circle",
        "line": {
          "width": 1.88976377952756,
          "color": "rgba(36,102,162,1)"
        }
      },
      "hoveron": "points",
      "name": "Hostile",
      "legendgroup": "Hostile",
      "showlegend": true,
      "xaxis": "x",
      "yaxis": "y",
      "hoverinfo": "text",
      "frame": null
    },
    {
      "x": [-1.32542100134631, -1.25578198888859, -0.482309492486052, -0.516473859834253, -0.725595491702221, -1.06632466542201, -0.271475377441513, -1.36635923368883, -1.47538785438754, -1.33738701956607, -1.36795537615326, -1.39938163082786, -1.53240125446835, -0.489152944674236, 0.00122604222601574, -0.62205549748081, -1.10285620131348, -0.682533600687423, -0.504892149959368, -0.182519339528066, -0.954689819209508, 2.92065205522395, -1.24238657263394, 0.349275446612713, 0.0600648762229692, 0.577885681887281, -0.42714357831856, -0.167826356269508, -0.225113651191221, -0.175002467628975, -0.110381839471252, -0.339235453505302, -0.328286840118526, -0.217547985493815, -0.548633920545515, -1.0207088826225, -1.08987929501242, -0.749232660853353, -1.13426886996095, -1.39781937828233, -0.32199627777406, -0.39227844023086, 0.626469103587622, 0.71409718764732, -0.709735681995731, 0.465388242442311, -0.139527997584214],
      "y": [-3.74094588170102, -3.79671212589176, -4.67045396767164, -4.65023903995416, -3.8799501583492, -1.94347315382299, -4.18593380870164, -3.7839213650776, -3.48108937056465, -2.58075785781419, -2.55227636805485, -2.28483320569315, -2.37917083060987, -4.73035618788191, -2.46468146323183, -3.87541097141727, -1.97799642103716, -3.5867532744104, -4.03032354385699, -3.58815083677141, -2.41208047912621, 1.21937181859307, -2.75586128872573, -1.90504502616764, -1.83007629220078, -2.14869254269173, -4.28517212385769, -4.18950542143229, -4.00338798844547, -3.73610485292998, -2.18019893102777, -4.64669582104311, -4.64296316701035, -4.55912735085096, -1.32295438236527, -3.45357044002084, -3.43390626092355, -3.98058998061435, -3.88880194517261, -3.71168979134249, -4.13969788138527, -4.68132756697048, -2.37799048247142, -2.24842229931819, -1.82771338103613, -2.293733504336, -4.51864406083659],
      "text": ["Parent-Child", "Parent-Teenager", "Wife-Husband", "Fiance-Fiancee", "Siblings", "Cousins", "Close friends", "Parent-Infant", "Grandparent-Grandchild", "Step-parent-Step-child", "Foster-parent-Foster-child", "Godparent-Godchild", "Ancestor-Descendant", "Bride-Groom", "Man-His Mistress", "Brother-Sister", "Step siblings", "Close relatives", "Twins", "A person and their family friends", "A person and their deceased spouse", "Patient-Caretaker", "Man-God", "Classmates", "Roommates", "Fraternity brothers", "Bride-Bridesmaid", "Groom-Groomsman", "Friends", "Childhood friends", "Friends with benefits", "Romantic lovers", "Life partners", "Soul mates", "Fans of the same sports team", "Aunt-Niece(Nephew)", "Uncle-Niece(Nephew)", "Half siblings", "Adoptive parents-Adopted kids", "Mother-Infant", "Confidants", "A person and their significant other", "Companions", "Playmates", "A person and their crush", "Cohabitants", "Long-distance lovers"],
      "type": "scatter",
      "mode": "markers",
      "marker": {
        "autocolorscale": false,
        "color": "rgba(190,190,190,1)",
        "opacity": 0.8,
        "size": 7.55905511811024,
        "symbol": "circle",
        "line": {
          "width": 1.88976377952756,
          "color": "rgba(193,18,33,1)"
        }
      },
      "hoveron": "points",
      "name": "Private",
      "legendgroup": "Private",
      "showlegend": true,
      "xaxis": "x",
      "yaxis": "y",
      "hoverinfo": "text",