{
  "data": [
    {
      "x": [2.55579280199677, 1.39274498321384, 2.49329009747155, 2.62031970784045, 2.69920860032432, 2.53715264540398, 2.82639509674751, 1.45825665170426, 1.68028126202587, 2.42642783785347, 1.06295216170152, 1.59677056436702, 3.08103632748268, 1.71964945278103, 2.39349182264394, 3.02734880081251, 3.14684764616302, 2.06206119530605, 2.24285492594891, 0.921494288067672, 0.818063191635987, 0.476015665874095, 1.79645067441625, 3.03123377784527, 1.56390080309459, 1.87841984904666, 1.31723437644282, 2.50350127586407, 2.78206638305917, 0.13964365584166, 0.0551404057367928, 1.15820130156877, 3.07402346240369, 1.09487770755354, 3.14292387864127, 0.959764552261074, 1.14041287994313, 1.2644444681067, -0.0584839928220493, 2.74859824605406, 2.42427269445486, 0.518263224092416, 0.61402158079779, 0.481160362799167, 2.86061648522852, 2.6218005639809, 0.575461143625471, 2.5871509541269, 1.48039336630658],
      "y": [-0.560168745153318, 1.03405606681923, -1.32176903028387, -0.87400184592321, -0.972276922216419, -0.991624762021195, -0.493478712248542, 0.793205268785868, 0.662896525001695, 0.256536600900643, 1.18061770670158, 0.861062549279054, -0.487215080123377, 0.557715387379255, -1.27054649311219, -0.607787260607154, -0.841911845982501, -1.48837967930717, -1.63822142146231, -0.85791640358578, -0.478362266518498, 1.03285363417312, -1.42892790223883, -0.740338373001372, -1.53023844528022, -1.53465018115047, 0.852276857067449, -1.02455634833583, -0.121841533088729, 1.15621443041315, 0.952534561179901, -0.811936674085778, -0.420066810097859, -0.958134908645444, -0.45892968252409, 1.2552456839774, -0.982623618534934, 0.916888902362538, 1.17723269956641, -0.0722409416188867, -0.22717582882448, 0.841471815539283, 1.02762273276372, 1.08641611113138, -0.271843242164299, 0.189109880651664, 0.936204523779336, -1.03462265682117, 1.13666280914921],
      "text": ["Divorced spouses", "A person and their in laws", "Guard-Prisoner", "Opposing negotiators", "Political opponents", "Business rivals", "Enemies", "Casual acquaintances", "Second cousins", "Man Wife-Man Mistress", "Step siblings", "Distant relatives", "Victim-Criminal", "Victim-Witness", "Criminal-Police officer", "Criminal-Hostage", "Defendant-Plaintiff", "Police officer-Offender", "Parole officer-Parolee", "Politician-Supporter", "Leader-Follower", "Religious followers", "Athlete-Referee", "Slave-Master", "Reviewer-Writer", "Judge-Contestant", "Man-God", "Sports rivals", "Romantic rivals", "Peers", "Sorority sisters", "Celebrity-Fans", "Celebrity-Haters", "Native-Tourist", "Bully-Victim", "Facebook friends", "A person and their social media follower", "Pen-friends", "Friends with benefits", "Ex-lovers", "Strangers", "Neighbors", "Church members", "Fans of the same sports team", "Fans of opposing sports teams", "Frenemies", "Alumni", "Competitors in sports", "A person and their crush"],
      "type": "scatter",
      "mode": "markers",
      "marker": {
        "autocolorscale": false,
        "color": "rgba(190,190,190,1)",
        "opacity": 0.8,
        "size": 7.55905511811024,
        "symbol": "circle",
        "line": {
          "width": 1.88976377952756,
          "color": "rgba(36,102,162,1)"
        }
      },
      "hoveron": "points",
      "name": "Hostile",
      "legendgroup": "Hostile",
      "showlegend": true,
      "xaxis": "x",
      "yaxis": "y",
      "hoverinfo": "text",
      "frame": null
    },
    {
      "x": [-1.63138392074944, -1.56288563241209, -1.91430742500963, -1.90922657057872, -1.41323487422759, -0.615872749778517, -1.86850447786691, -1.2746888806076, -1.60278059997863, -1.27702490153351, -0.920847611019797, -0.978567029675482, -0.910250805049258, -0.850832371330397, -0.580861268936824, -2.06342483918947, -0.685373348521321, -1.00314103244011, -0.75778311650185, -1.32525805867682, -1.13709608479428, -1.41914717826879, -1.89322716722605, -2.00569032386767, -2.07063198589855, -1.80091717153424, -0.309665561439259, -0.65610595011727, -0.391950128106319, -1.10992945289479, -1.10596662805408, -1.02597044827818, -1.13799719492209, -2.09474243981073, -1.95939119766748, -1.96452001965573, -1.23326975835107, -1.16486957146093, -0.776491057529534, -1.08655435339545, -1.42221369296356, -0.738207995393218, -2.2078435788333, -0.912331797427981, -1.68441695025083, -1.69960055642637],
      "y": [3.83033103961625, 3.87838808199249, 3.51831210196092, 3.48953402351152, 3.51184551668418, 2.56250151462948, -0.966821264404493, 3.36406939578173, 3.92439428184829, 4.01739680538288, 4.00086975741332, 3.90209976487449, 4.07480407195914, 3.98753054781462, 4.03447855848246, 3.453266062205, 1.75129415906772, 2.94302553431219, 3.14741112667843, 2.92024854412851, 2.78253679149292, 2.90751291113185, -0.923162787917353, -0.889888051052357, -0.878310027926598, -1.26896348351206, 1.58192276595224, 1.79734220569278, 2.07245431939739, 3.05731703639971, 3.20150540118794, 2.84606993802973, 2.70867913288866, 3.29298529176528, 3.3851488120952, 3.44550045524196, 3.45391152060337, 3.54864801092963, 2.13288870222826, 3.80141525421314, 4.17723677548173, 2.00579244214921, 3.46785967800704, 1.2926464121725, 3.26387587061166, 3.05861703710771],
      "text": ["Parent-Child", "Parent-Teenager", "Wife-Husband", "Fiance-Fiancee", "Siblings", "Cousins", "Therapist-Patient", "Close friends", "Parent-Infant", "Grandparent-Grandchild", "Step-parent-Step-child", "Foster-parent-Foster-child", "Godparent-Godchild", "Step-grandparent-Step-grandchild", "Ancestor-Descendant", "Bride-Groom", "Man-His Mistress", "Brother-Sister", "Close relatives", "Twins", "A person and their family friends", "A person and their deceased spouse", "Doctor-Nurse", "Patient-Caretaker", "Babysitter-Infant", "Psychologist-Client", "Classmates", "Roommates", "Fraternity brothers", "Bride-Bridesmaid", "Groom-Groomsman", "Friends", "Childhood friends", "Romantic lovers", "Life partners", "Soul mates", "Aunt-Niece(Nephew)", "Uncle-Niece(Nephew)", "Half siblings", "Adoptive parents-Adopted kids", "Mother-Infant", "Confidants", "A person and their significant other", "Companions", "Cohabitants", "Long-distance lovers"],
      "type": "scatter",
      "mode": "markers",
      "marker": {
        "autocolorscale": false,
        "color": "rgba(190,190,190,1)",
        "opacity": 0.8,
        "size": 7.55905511811024,
        "symbol": "circle",
        "line": {
          "width": 1.88976377952756,
          "color": "rgba(193,18,33,1)"
        }
      },
      "hoveron": "points",
      "name": "Private",
      "legendgroup": "Private",
      "showlegend": true,
      "xaxis": "x",
      "yaxis": "y",
      "hoverinfo": "text",
      "frame": null
    },
    {
      "x": [-0.495657206130359, -0.20665212084715, -1.50290575914739, -0.140423515942801, -1.4091983804692, -1.52856697022166, -1.57998151952261, 0.527634157567372, -1.14773350929065, -0.74009022015971, -0.566973004399374, -0.658123959060196, -0.612348793776647, -0.879694942873511, -1.2887990065689, -0.958883469055666, -1.50606635853663, -1.01193289788629, -0.51147721576821, -1.50209722573245, 0.190330292258182, 0.575964570274116, 1.77034693357488, 0.740016493219937, -0.357221497107411, 0.102888251831509, -0.0790670644956761, -0.336988464156771, -1.63872410982563, -0.0223764023309636, -2.04282070921246, -1.62759295930914, 0.465160839346987, 0.835424423375514, -1.14242623793418, 0.724850242181545, 0.649177797948537, -0.485799041470341, 0.793294178262117, 0.920180539784758, -0.862452584986698, 0.655079122726542, -1.78799056666074, -2.13722565943935, -0.603807929133602, -0.653695368430182, -1.17959329579135, -1.17035811048544, 0.695464655505153, 0.60071905260215, -1.87102556087748, -1.8774034213432, 0.135448271848438, 0.717852171153817, 0.766152058288037, 0.717429491547889, -0.0308918170285155, -0.201768363836108, -0.878609635803764, 1.77415371490886, -0.659155233199277, -1.05668257107235, -1.13869835954498, -1.10653826852611],