{
  "data": [
    {
      "x": [1.61010141253055, 1.84669347577676, 1.68909401295761, 1.75274996505537, 1.36780634513971, 1.55084787318296, 1.89611965316676, 1.6749151391957, 1.48854428166317, 1.83592325806579, 2.01173167833862, 1.97548479594989, 1.53292663073168, 1.93524045822161, 1.85077208000917, 1.21256607434042, 1.51011314632437, 1.25904943921744, 1.92377085145225, 1.4023551790989, 1.44514836860903, 0.548567725175543, 0.552641293408433, 0.926766107285764, 0.637399898294956, 1.22935140949791, 1.82113075407069, 1.94195812539141, 1.3472624905572, 1.91204709796994, 0.931333993431257, 1.36635879835186, 0.38252512460218, 1.75554677474283, 2.08114326436372, 1.87254764769431, 1.47020802663713, 1.86726891428264, 1.41613803976612, 1.79477407029171, 1.21535849658124, 1.12554274748993, 1.29144034533598, 1.06826524630123, 1.72332938555794, 1.81459027139307, 1.71073741548961, 1.3179419566572, 1.61274270015938, 0.570166480739261],
      "y": [-2.21724786213876, -0.0932577357997542, -0.0210453144125133, -2.79136963407154, -2.83829712055404, -2.65664176993385, -2.10626126006856, -0.254967833661617, 0.528136476349341, 0.796989401805673, 0.208779142444085, -1.72869331194788, 0.3814840994216, -0.313582279642232, -2.62664809507041, 0.178142652359924, -2.78977227540395, -2.85144311056859, -2.57319619907317, -2.7187659779762, -2.88027980446541, -1.07127630238388, -1.35627817655525, -1.13938233764777, -1.22594283610106, 0.126931075214909, -2.67489947148695, 0.3790803213076, -2.89539219458755, -2.05311431850117, 0.685627924151392, 0.618400748542641, -1.41974300879672, -2.0628827969326, -2.4007615862503, -0.444349904202086, -0.968691043553253, -0.139623500266007, 0.705211082204308, -1.94318859808107, -1.43518813843612, 0.313506131540427, 0.0674096402815189, 0.534806744046226, -1.91165787757266, -1.31188360971639, -1.17178930107894, -2.92799654388272, 0.871550804611928, -1.13463965246082],
      "text": ["Divorced spouses", "A person and their in laws", "Cousins", "Guard-Prisoner", "Political opponents", "Business rivals", "Enemies", "Casual acquaintances", "Second cousins", "Step-grandparent-Step-grandchild", "Ancestor-Descendant", "Man Wife-Man Mistress", "Step siblings", "Distant relatives", "Victim-Criminal", "Victim-Witness", "Criminal-Police officer", "Criminal-Prosecutor", "Criminal-Hostage", "Defendant-Plaintiff", "Police officer-Offender", "Police officer-Civilian", "Politician-Supporter", "Leader-Follower", "Representative-Citizen", "Religious followers", "Slave-Master", "Man-God", "Sports rivals", "Romantic rivals", "Peers", "Sorority sisters", "Celebrity-Fans", "Celebrity-Haters", "Bully-Victim", "Facebook friends", "A person and their social media follower", "Pen-friends", "Friends with benefits", "Ex-lovers", "Strangers", "Neighbors", "Church members", "Fans of the same sports team", "Fans of opposing sports teams", "Frenemies", "Alumni", "Competitors in sports", "A person and their crush", "Brothers in-arms"],
      "type": "scatter",
      "mode": "markers",
      "marker": {
        "autocolorscale": false,
        "color": "rgba(190,190,190,1)",
        "opacity": 0.8,
        "size": 7.55905511811024,
        "symbol": "circle",
        "line": {
          "width": 1.88976377952756,
          "color": "rgba(36,102,162,1)"
        }
      },
      "hoveron": "points",
      "name": "Hostile",
      "legendgroup": "Hostile",
      "showlegend": true,
      "xaxis": "x",
      "yaxis": "y",
      "hoverinfo": "text",
      "frame": null
    },
    {
      "x": [1.8159622497795, 1.65907809917566, 0.288418759608279, 0.208570973346918, 0.845033513726715, 0.27652124018473, 1.68919081285666, 1.65542413310527, 1.58975437744103, 1.61485485921353, 1.56530144617368, 0.128315472831686, 0.723382952212146, 0.501367740949786, 0.940739191031742, 0.269936712600834, 0.684707538653523, 0.59253861186192, -2.60176592154918, 0.523743982716671, 0.552255535273315, 0.306658830962375, 0.341987253791713, 0.312837636445593, 0.76187665378069, 0.192481322803792, 0.622620326822781, 0.369234820462638, 0.364568574495204, 0.524292937618617, 1.22805208393063, 1.42466324129827, 0.606230688651589, 1.57425934295781, 1.54682662327788, 0.606568270760887, 0.209652463650352, 0.634428955341326, 0.64356179098217, 0.521017563679307, 0.402143116912356],
      "y": [3.37775901226079, 3.1381496370913, 3.74410265041496, 3.60344429760199, 2.93836018929973, 3.13432483460695, 3.2998376948179, 3.00421425298142, 2.65253426830057, 2.72373542496507, 1.51908704115916, 3.67841884105187, 2.82661251494506, 2.50616707019416, 2.18939328947636, 2.82081937303701, 3.14276920068773, 3.22781647952766, 1.44452008972418, 1.16720408273966, 1.31337125345117, 2.31186520350637, 2.73866920050863, 2.7622704441453, 1.13518370006002, 3.07489213721516, 2.72339708570263, 3.32303909605494, 3.49246430141177, 3.2784606394155, 2.82391266474764, 2.76617281103137, 2.52354129607054, 3.1202100740011, 3.22843051714992, 2.49824138465612, 3.66001456246059, 1.31978289467804, 1.29951645058677, 1.37099973009714, 3.45385935573966],
      "text": ["Parent-Child", "Parent-Teenager", "Wife-Husband", "Fiance-Fiancee", "Siblings", "Close friends", "Parent-Infant", "Grandparent-Grandchild", "Step-parent-Step-child", "Foster-parent-Foster-child", "Godparent-Godchild", "Bride-Groom", "Man-His Mistress", "Brother-Sister", "Close relatives", "Twins", "A person and their family friends", "A person and their deceased spouse", "Babysitter-Infant", "Classmates", "Roommates", "Fraternity brothers", "Bride-Bridesmaid", "Groom-Groomsman", "Guest-Host", "Friends", "Childhood friends", "Romantic lovers", "Life partners", "Soul mates", "Aunt-Niece(Nephew)", "Uncle-Niece(Nephew)", "Half siblings", "Adoptive parents-Adopted kids", "Mother-Infant", "Confidants", "A person and their significant other", "Companions", "Playmates", "Cohabitants", "Long-distance lovers"],
      "type": "scatter",
      "mode": "markers",
      "marker": {
        "autocolorscale": false,
        "color": "rgba(190,190,190,1)",
        "opacity": 0.8,
        "size": 7.55905511811024,
        "symbol": "circle",
        "line": {
          "width": 1.88976377952756,
          "color": "rgba(193,18,33,1)"
        }
      },
      "hoveron": "points",
      "name": "Private",
      "legendgroup": "Private",
      "showlegend": true,
      "xaxis": "x",
      "yaxis": "y",
      "hoverinfo": "text",
      "frame": null
    },
    {
      "x": [-2.28419966449902, 0.0104172116037872, -2.53169641885768, -2.5109878202989, -0.564128887990948, -1.9473056853299, -1.71413304360265, -2.27898362355554, -1.97514263925424, -1.2589085704555, 0.0566955594870113, -1.90368240901305, -1.93850734419137, -1.92135461588362, -1.82837076097571, -2.00199432750903, -2.32193368057429, -2.32400779193238, -2.35466947258663, -2.39985921236318, -2.03657321317668, -2.40413457384775, -2.10823344812839, -1.26233944394516, -2.45494172101935, -0.797841343005828, -0.404308915450849, -0.614222003370475, -0.914707138488561, -2.63577131879616, -2.25245894507707, -2.59251883380446, -0.285844212351566, -2.31444319263259, -1.63029986069166, 0.336650267750878, -1.95730199718996, -2.01188626060649, -0.938692570554339, -0.474320342597635, 0.372253542863628, -0.180823802397652, 0.181046359564738, -0.167867564731829, -0.673151286333303, -0.944242024891238, -1.85709393800383, -2.40496143646066, 0.777881614775192, -2.52162981512325, -1.37914937839696, -2.25895825523194, -2.45640031320378, -2.39125492717702, -2.32953421684261, 0.0949143378396515, -2.30984282394896, -2.13423362451467, -2.30933203132884, -2.03742117588335, -1.50198205351379, -1.39522459886025, 0.126483481776559, -0.68415838726313, -0.216275750966582, -2.04710751953461, -2.12208593772165, -2.27723971009152],