{
  "data": [
    {
      "x": [2.5319533853896, 0.142585445430357, 3.10542781100184, 1.04291822414636, 1.18441142274966, 2.68576632426, 2.11332964271979, 2.34786485809805, 1.94974280849428, 2.01332406938687, 2.28756893569591, 0.48495278022592, 3.01875617725941, 1.68261120592987, 2.95511524396718, 3.184083878131, 3.17348239784988, 3.27297094282947, 1.40807355514227, 3.30050162318148, 0.623455056984527, 2.73629819771628, 0.406079959938058, 1.96735821287057, 2.0608402103967, 2.1836590338135, 2.82557086034139, 1.9221231360984, 0.837460880288539, 1.64288456373319, 2.13834680685926, 0.349559244004331, 1.61203197260453, 2.00525223337471, 2.96296590304796, 3.07195090868365, 1.83940075315081, 1.93636240164965, 1.21588101673809, 1.14189792001046, 1.16827504782737, 2.01374250943446, 2.49058164560299, 2.36626225793921, 1.5026837970243, 3.00835253274009, 1.70725149819002, 1.50383222443895, 1.48757400069574, 0.917323140999213],
      "y": [-0.682409377687964, 0.889174042495535, -0.729474710538559, -0.820596792806741, -1.60310381736533, -0.768423464369138, -1.43019006223731, 0.0329180256329791, -1.11650629315755, -1.10681766896937, 0.142936230265345, -1.86547443221789, -0.726162031286417, -1.82220532704544, -0.198552213457996, -0.16830807113036, -0.293164076736922, -0.537833072727813, -1.6974170339495, -0.0631074777282357, -0.0745033111056848, -0.21044223766568, -1.65800313658523, 0.743759343747993, 0.523028804770952, -1.29223128535386, -1.1133024135458, -1.22251776641924, -1.32429024630852, -0.71514004512535, -1.5730833886482, -1.34246412324135, 0.556196962144091, 0.771336776057522, -0.587757282843517, -0.807155702306437, 0.668310477197463, 0.702707024925168, 0.513835416832896, 0.50945340245395, 0.428080050095982, 0.202311970450285, -0.564020611224151, 0.0623108230146348, 0.530650854501056, -0.788340980195105, 0.00617795519080588, 0.196590731677065, -1.65273577744593, -1.30521069973066],
      "text": ["Divorced spouses", "A person and their in laws", "Guard-Prisoner", "Political opponents", "Business rivals", "Enemies", "Master-Servant", "Casual acquaintances", "Man-His Mistress", "Man Wife-Man Mistress", "A person and their deceased spouse", "Union leader-union member", "Victim-Criminal", "Drug dealer-Addict", "Victim-Witness", "Criminal-Police officer", "Criminal-Prosecutor", "Criminal-Hostage", "Defendant-Plaintiff", "Police officer-Offender", "Police officer-Civilian", "Parole officer-Parolee", "Chef-Customer", "Religious leader-Congregant", "Religious followers", "Prostitute-Customer", "Slave-Master", "Sugar daddy-Sugar baby", "Sports rivals", "Romantic rivals", "Criminal and their accomplice", "Student-Dorm Resident assistant", "Sorority sisters", "Celebrity-Fans", "Celebrity-Haters", "Bully-Victim", "Facebook friends", "A person and their social media follower", "Pen-friends", "Friends with benefits", "Romantic lovers", "Ex-lovers", "Strangers", "Church members", "Fans of the same sports team", "Fans of opposing sports teams", "Frenemies", "Alumni", "A monarch and their minister", "Competitors in sports"],
      "type": "scatter",
      "mode": "markers",
      "marker": {
        "autocolorscale": false,
        "color": "rgba(190,190,190,1)",
        "opacity": 0.8,
        "size": 7.55905511811024,
        "symbol": "circle",
        "line": {
          "width": 1.88976377952756,
          "color": "rgba(36,102,162,1)"
        }
      },
      "hoveron": "points",
      "name": "Hostile",
      "legendgroup": "Hostile",
      "showlegend": true,
      "xaxis": "x",
      "yaxis": "y",
      "hoverinfo": "text",
      "frame": null
    },
    {
      "x": [-1.41218017599649, -1.50200287874135, -1.37634785897631, -1.09672119578839, -0.967209885186993, -0.26765669748503, -1.48671077964655, 0.116792932607052, -1.25552121503136, -1.17339523766072, -0.360860038299306, -0.358739724377511, -0.053092277754791, -0.429553709996743, -1.67845964008062, -1.44725307754937, -1.60673634276612, -1.61259949653973, -1.10268526278024, -1.36144609809338, -0.363850830784017, -0.827458761274547, 0.655754795412955, 0.850544730828867, 0.815674433813212, -1.10406201649592, -1.1326684835623, -1.05147358831471, -1.09378825182401, -1.0108770498619, -1.63220324583212, -1.37396334411345, -1.66378026777461, -0.874816114567687, -0.883085665579299, -0.732514942366691, -0.979422667566911, -1.11328186290237, -1.30885772258288, -1.18847757081751, -1.33581149781358, 0.691062317108123],
      "y": [3.06554806071633, 3.0826311138362, 3.82111886289949, 4.02674082956212, 3.0963144282781, 1.50831672131823, 3.66335402140427, 1.36979588786476, 2.69847522176595, 2.6921835442204, 1.36283062930706, 1.43457945399193, 1.58428563375536, 1.38926700888217, 2.99543588370355, 3.764560350595, 2.82366458251486, 2.99193716345605, 3.53633637144548, 3.73161216020252, 1.99836255708438, 3.11179399811047, 1.0295680690293, 0.834374951194446, 0.877917608690303, 1.64387655343791, 1.65762197178227, 1.79886284696126, 1.57699633552365, 3.35677806379825, 2.44019769275983, 3.88063880520669, 2.6160925467553, 2.81313650752712, 2.78860077434834, 2.18031195513962, 2.23832431786155, 2.3106174445684, 3.84683231402934, 4.03107664494438, 3.82499964522979, 1.06186414702059],
      "text": ["Parent-Child", "Parent-Teenager", "Wife-Husband", "Fiance-Fiancee", "Siblings", "Cousins", "Close friends", "Second cousins", "Parent-Infant", "Grandparent-Grandchild", "Step-parent-Step-child", "Foster-parent-Foster-child", "Godparent-Godchild", "Step-grandparent-Step-grandchild", "Ancestor-Descendant", "Bride-Groom", "Brother-Sister", "Close relatives", "Twins", "A person and their family friends", "Babysitter-Infant", "Man-God", "Peers", "Classmates", "Roommates", "Fraternity brothers", "Bride-Bridesmaid", "Groom-Groomsman", "Guest-Host", "Friends", "Childhood friends", "Life partners", "Soul mates", "Aunt-Niece(Nephew)", "Uncle-Niece(Nephew)", "Half siblings", "Adoptive parents-Adopted kids", "Mother-Infant", "A person and their significant other", "A person and their crush", "Cohabitants", "Long-distance lovers"],
      "type": "scatter",
      "mode": "markers",
      "marker": {
        "autocolorscale": false,
        "color": "rgba(190,190,190,1)",
        "opacity": 0.8,
        "size": 7.55905511811024,
        "symbol": "circle",
        "line": {
          "width": 1.88976377952756,
          "color": "rgba(193,18,33,1)"
        }
      },
      "hoveron": "points",
      "name": "Private",
      "legendgroup": "Private",
      "showlegend": true,
      "xaxis": "x",
      "yaxis": "y",
      "hoverinfo": "text",
      "frame": null
    },
    {
      "x": [-1.94775386151864, -0.614305538379965, -1.03463537366168, -1.46472528794827, -1.64063911619994, -1.79385595830489, -0.562552184510108, -1.87536021305219, -1.6303246220746, -1.29664112088943, -0.127684639470242, -0.216474525837475, -1.60841311459844, -1.38360618155825, -1.19633577564204, -0.96138079920838, -0.920338737710936, -0.835435601627037, -0.805890720455551, -1.08870585619314, -0.158374653398996, -0.78470508152004, -0.089866052820767, 0.211932297198341, 0.390740642905899, 0.0374937853664119, -0.237561411213221, 0.194309160869867, 0.146829666320044, -1.60370884164467, -2.10290713606211, -1.94442953098055, -1.4495634735996, 0.0940975294809515, 0.179904835435425, 0.133894407801416, -2.18747122955892, -0.823138213308691, -0.390165655250168, -0.877597080843405, -1.20924515951336, -2.10856829900983, -1.89138772104426, -2.16592849542542, -2.16756567671794, -1.19835290606953, -1.50214937253555, -0.025514712471906, -1.56945428740351, -1.58933747353773, -1.29613600160461, 0.261968899305179, 0.224659554801574, 0.136510815400715, -1.00627446154071, -1.15893481859436, -1.15945595327764, -1.16963970190963, -1.53201917693992, -0.900232878939927, 0.0422305106917499, 0.0738093466361683, -0.701247368523801, -0.62662926042542, -0.694297345584136, -0.58528103697935, -0.657144147193726],